"Position","Name","Profile Link"
1,"Mohammed Aftab Aalam","https://en.wikipedia.org/wiki/Mohammed_Aftab_Aalam"
2,"Bhim Acharya","https://en.wikipedia.org/wiki/Bhim_Acharya"
3,"Dilaram Acharya","https://en.wikipedia.org/wiki/Dilaram_Acharya"
4,"Drona Prasad Acharya","https://en.wikipedia.org/wiki/Drona_Prasad_Acharya"
5,"Lekh Nath Acharya","https://en.wikipedia.org/wiki/Lekh_Nath_Acharya"
6,"Mahesh Acharya","https://en.wikipedia.org/wiki/Mahesh_Acharya"
7,"Mahadev Bajgai","https://en.wikipedia.org/wiki/Mahadev_Bajgai"
8,"Narahari Acharya","https://en.wikipedia.org/wiki/Narahari_Acharya"
9,"Shailaja Acharya","https://en.wikipedia.org/wiki/Shailaja_Acharya"
10,"Haribhakta Adhikari","https://en.wikipedia.org/wiki/Haribhakta_Adhikari"
11,"Khagaraj Adhikari","https://en.wikipedia.org/wiki/Khagaraj_Adhikari"
12,"Mohan Chandra Adhikari","https://en.wikipedia.org/wiki/Mohan_Chandra_Adhikari"
13,"Narayan Prasad Adhikari","https://en.wikipedia.org/wiki/Narayan_Prasad_Adhikari"
14,"Rabindra Prasad Adhikari","https://en.wikipedia.org/wiki/Rabindra_Prasad_Adhikari"
15,"Ram Nath Adhikari","https://en.wikipedia.org/wiki/Ram_Nath_Adhikari"
16,"Shekha Nath Adhikari","https://en.wikipedia.org/wiki/Shekha_Nath_Adhikari"
17,"Ghan Shyam Yadav Ahir","https://en.wikipedia.org/wiki/Ghan_Shyam_Yadav_Ahir"
18,"Ram Bachhan Ahir (Yadhav)","https://en.wikipedia.org/wiki/Ram_Bachhan_Ahir_(Yadhav)"
19,"Madan Bahadur Amatya","https://en.wikipedia.org/wiki/Madan_Bahadur_Amatya"
20,"Salim Miya Ansari","https://en.wikipedia.org/wiki/Salim_Miya_Ansari"
21,"Urmila Aryal","https://en.wikipedia.org/wiki/Urmila_Aryal"
22,"Durga Kumari B.K.","https://en.wikipedia.org/wiki/Durga_Kumari_B.K."
23,"Kanchan Chandra Bade","https://en.wikipedia.org/wiki/Kanchan_Chandra_Bade"
24,"Dilendra Prasad Badu","https://en.wikipedia.org/wiki/Dilendra_Prasad_Badu"
25,"Bhagat Bahadur Baduwal","https://en.wikipedia.org/wiki/Bhagat_Bahadur_Baduwal"
26,"Raghav Lal Baidya","https://en.wikipedia.org/wiki/Raghav_Lal_Baidya"
27,"Khadgajeet Baral","https://en.wikipedia.org/wiki/Khadgajeet_Baral"
28,"Sudarshan Baral","https://en.wikipedia.org/wiki/Sudarshan_Baral"
29,"Dipak Prakash Baskota","https://en.wikipedia.org/wiki/Dipak_Prakash_Baskota"
30,"Hari Bahadur Basnet","https://en.wikipedia.org/wiki/Hari_Bahadur_Basnet"
31,"Hari Nath Bastola","https://en.wikipedia.org/wiki/Hari_Nath_Bastola"
32,"Mohan Bahadur Basnet","https://en.wikipedia.org/wiki/Mohan_Bahadur_Basnet"
33,"Shakti Bahadur Basnet","https://en.wikipedia.org/wiki/Shakti_Bahadur_Basnet"
34,"Tek Bahadur Basnet","https://en.wikipedia.org/wiki/Tek_Bahadur_Basnet"
35,"Damodar Bastakoti","https://en.wikipedia.org/wiki/Damodar_Bastakoti"
36,"Gunakhar Basyal","https://en.wikipedia.org/wiki/Gunakhar_Basyal"
37,"Mirza Dilshad Beg","https://en.wikipedia.org/wiki/Mirza_Dilshad_Beg"
38,"Buddhiram Bhandari","https://en.wikipedia.org/wiki/Buddhiram_Bhandari"
39,"Damodar Bhandari","https://en.wikipedia.org/wiki/Damodar_Bhandari"
40,"Lila Kumari Bhandari","https://en.wikipedia.org/wiki/Lila_Kumari_Bhandari"
41,"Naresh Bhandari","https://en.wikipedia.org/wiki/Naresh_Bhandari"
42,"Sarad Singh Bhandari","https://en.wikipedia.org/wiki/Sarad_Singh_Bhandari"
43,"Sharad Singh Bhandari","https://en.wikipedia.org/wiki/Sharad_Singh_Bhandari"
44,"Dev Raj Bhar","https://en.wikipedia.org/wiki/Dev_Raj_Bhar"
45,"Tekendra Prasad Bhatt","https://en.wikipedia.org/wiki/Tekendra_Prasad_Bhatt"
46,"Lekh Raj Bhatta","https://en.wikipedia.org/wiki/Lekh_Raj_Bhatta"
47,"Baburam Bhattarai","https://en.wikipedia.org/wiki/Baburam_Bhattarai"
48,"Pampha Bhusal","https://en.wikipedia.org/wiki/Pampha_Bhusal"
49,"Narayan Man Bijukchhe","https://en.wikipedia.org/wiki/Narayan_Man_Bijukchhe"
50,"Khadga Bahadur Bishwakarma","https://en.wikipedia.org/wiki/Khadga_Bahadur_Bishwakarma"
51,"Gokarna Bista","https://en.wikipedia.org/wiki/Gokarna_Bista"
52,"Nara Bahadur Bista","https://en.wikipedia.org/wiki/Nara_Bahadur_Bista"
53,"Ram Bahadur Bista","https://en.wikipedia.org/wiki/Ram_Bahadur_Bista"
54,"Post Bahadur Bogati","https://en.wikipedia.org/wiki/Post_Bahadur_Bogati"
55,"Sabitri Bogati (Pathak)","https://en.wikipedia.org/wiki/Sabitri_Bogati_(Pathak)"
56,"Ram Bahadur Bohara","https://en.wikipedia.org/wiki/Ram_Bahadur_Bohara"
57,"Sita Devi Boudel","https://en.wikipedia.org/wiki/Sita_Devi_Boudel"
58,"Raj Bahadur Budha","https://en.wikipedia.org/wiki/Raj_Bahadur_Budha"
59,"Karn Jit Budhathoki","https://en.wikipedia.org/wiki/Karn_Jit_Budhathoki"
60,"Keshav Kumar Budhathoki","https://en.wikipedia.org/wiki/Keshav_Kumar_Budhathoki"
61,"Khem Bahadur Bum","https://en.wikipedia.org/wiki/Khem_Bahadur_Bum"
62,"Narendra Bahadur Bum","https://en.wikipedia.org/wiki/Narendra_Bahadur_Bum"
63,"Janak Kumari Chalise","https://en.wikipedia.org/wiki/Janak_Kumari_Chalise"
64,"Binayadhoj Chand","https://en.wikipedia.org/wiki/Binayadhoj_Chand"
65,"Nar Bahadur Chand","https://en.wikipedia.org/wiki/Nar_Bahadur_Chand"
66,"Renu Chand (Bhatt)","https://en.wikipedia.org/wiki/Renu_Chand_(Bhatt)"
67,"Gyan Kumari Chantyal","https://en.wikipedia.org/wiki/Gyan_Kumari_Chantyal"
68,"Dharma Sila Chapagain","https://en.wikipedia.org/wiki/Dharma_Sila_Chapagain"
69,"Bir Man Chaudhari","https://en.wikipedia.org/wiki/Bir_Man_Chaudhari"
70,"Dan Bahadur Chaudhari","https://en.wikipedia.org/wiki/Dan_Bahadur_Chaudhari"
71,"Devi Lal Chaudhari","https://en.wikipedia.org/wiki/Devi_Lal_Chaudhari"
72,"Krishna Kumar Chaudhari","https://en.wikipedia.org/wiki/Krishna_Kumar_Chaudhari"
73,"Phulmati Devi Chaudhari","https://en.wikipedia.org/wiki/Phulmati_Devi_Chaudhari"
74,"Ramcharan Chaudhari (Tharu)","https://en.wikipedia.org/wiki/Ramcharan_Chaudhari_(Tharu)"
75,"Rupa So.Si. Chaudhari","https://en.wikipedia.org/wiki/Rupa_So.Si._Chaudhari"
76,"Smriti Narayan Chaudhari","https://en.wikipedia.org/wiki/Smriti_Narayan_Chaudhari"
77,"Uma Kanta Chaudhari","https://en.wikipedia.org/wiki/Uma_Kanta_Chaudhari"
78,"Balbir Prasad Chaudhary","https://en.wikipedia.org/wiki/Balbir_Prasad_Chaudhary"
79,"Damodar Chaudhary","https://en.wikipedia.org/wiki/Damodar_Chaudhary"
80,"Laxmilal Chaudhary","https://en.wikipedia.org/wiki/Laxmilal_Chaudhary"
81,"Parbati Chaudhary","https://en.wikipedia.org/wiki/Parbati_Chaudhary"
82,"Rukmini Chaudhary","https://en.wikipedia.org/wiki/Rukmini_Chaudhary"
83,"Shanta Chaudhary","https://en.wikipedia.org/wiki/Shanta_Chaudhary"
84,"Sushila Chaudhary","https://en.wikipedia.org/wiki/Sushila_Chaudhary"
85,"Kamal Prasad Chaulagain","https://en.wikipedia.org/wiki/Kamal_Prasad_Chaulagain"
86,"Tek Bahadur Chokhyal","https://en.wikipedia.org/wiki/Tek_Bahadur_Chokhyal"
87,"Tirtha Ram Dangol","https://en.wikipedia.org/wiki/Tirtha_Ram_Dangol"
88,"Ranju Darshana","https://en.wikipedia.org/wiki/Ranju_Darshana"
89,"Arzu Rana Deuba","https://en.wikipedia.org/wiki/Arzu_Rana_Deuba"
90,"Sher Bahadur Deuba","https://en.wikipedia.org/wiki/Sher_Bahadur_Deuba"
91,"Ek Nath Dhakal","https://en.wikipedia.org/wiki/Ek_Nath_Dhakal"
92,"Janardan Dhakal","https://en.wikipedia.org/wiki/Janardan_Dhakal"
93,"Ramnath Dhakal","https://en.wikipedia.org/wiki/Ramnath_Dhakal"
94,"Nav Raj Dhami","https://en.wikipedia.org/wiki/Nav_Raj_Dhami"
95,"Ram Hari Dhungel","https://en.wikipedia.org/wiki/Ram_Hari_Dhungel"
96,"Rameshwor Prasad Dhungel","https://en.wikipedia.org/wiki/Rameshwor_Prasad_Dhungel"
97,"Pushpa Kamal Dahal","https://en.wikipedia.org/wiki/Pushpa_Kamal_Dahal"
98,"Mahendra Dhoj G.C.","https://en.wikipedia.org/wiki/Mahendra_Dhoj_G.C."
99,"Bijay Kumar Gachhadar","https://en.wikipedia.org/wiki/Bijay_Kumar_Gachhadar"
100,"Bam Dev Gautam","https://en.wikipedia.org/wiki/Bam_Dev_Gautam"
101,"Rishikesh Gautam","https://en.wikipedia.org/wiki/Rishikesh_Gautam"
102,"Sanjay Gautam","https://en.wikipedia.org/wiki/Sanjay_Gautam"
103,"Shiv Raj Gautam","https://en.wikipedia.org/wiki/Shiv_Raj_Gautam"
104,"Jaypuri Gharti","https://en.wikipedia.org/wiki/Jaypuri_Gharti"
105,"Dharma Prasad Ghimire","https://en.wikipedia.org/wiki/Dharma_Prasad_Ghimire"
106,"Krishna Kishor Ghimire","https://en.wikipedia.org/wiki/Krishna_Kishor_Ghimire"
107,"Sushma Sharma Ghimire","https://en.wikipedia.org/wiki/Sushma_Sharma_Ghimire"
108,"Deepak Giri","https://en.wikipedia.org/wiki/Deepak_Giri"
109,"Gehendra Giri","https://en.wikipedia.org/wiki/Gehendra_Giri"
110,"Janak Raj Giri","https://en.wikipedia.org/wiki/Janak_Raj_Giri"
111,"Om Prakash Yadav Gulzari","https://en.wikipedia.org/wiki/Om_Prakash_Yadav_Gulzari"
112,"Bhagwan Das Gupta","https://en.wikipedia.org/wiki/Bhagwan_Das_Gupta"
113,"Brijesh Kumar Gupta","https://en.wikipedia.org/wiki/Brijesh_Kumar_Gupta"
114,"Chandra Bahadur Gurung","https://en.wikipedia.org/wiki/Chandra_Bahadur_Gurung"
115,"Dev Gurung","https://en.wikipedia.org/wiki/Dev_Gurung"
116,"Hit Kaji Gurung","https://en.wikipedia.org/wiki/Hit_Kaji_Gurung"
117,"Kiran Gurung","https://en.wikipedia.org/wiki/Kiran_Gurung"
118,"Kul Bahadur Gurung","https://en.wikipedia.org/wiki/Kul_Bahadur_Gurung"
119,"Mahadev Gurung","https://en.wikipedia.org/wiki/Mahadev_Gurung"
120,"Palten Gurung","https://en.wikipedia.org/wiki/Palten_Gurung"
121,"Prakash Bahadur Gurung","https://en.wikipedia.org/wiki/Prakash_Bahadur_Gurung"
122,"Surya Man Gurung","https://en.wikipedia.org/wiki/Surya_Man_Gurung"
123,"Tek Bahadur Gurung","https://en.wikipedia.org/wiki/Tek_Bahadur_Gurung"
124,"Pradip Kumar Gyawali","https://en.wikipedia.org/wiki/Pradip_Kumar_Gyawali"
125,"Radha Gyawali","https://en.wikipedia.org/wiki/Radha_Gyawali"
126,"Ram Kumar Gyawali","https://en.wikipedia.org/wiki/Ram_Kumar_Gyawali"
127,"Sadrul Miya Haque","https://en.wikipedia.org/wiki/Sadrul_Miya_Haque"
128,"Anil Kumar Jha","https://en.wikipedia.org/wiki/Anil_Kumar_Jha"
129,"Arjun Prasad Joshi","https://en.wikipedia.org/wiki/Arjun_Prasad_Joshi"
130,"Bedanand Jha","https://en.wikipedia.org/wiki/Bedanand_Jha"
131,"Bhanu Bhakta Joshi","https://en.wikipedia.org/wiki/Bhanu_Bhakta_Joshi"
132,"Chandeshwor Jha","https://en.wikipedia.org/wiki/Chandeshwor_Jha"
133,"Dev Raj Joshi","https://en.wikipedia.org/wiki/Dev_Raj_Joshi"
134,"Govinda Raj Joshi","https://en.wikipedia.org/wiki/Govinda_Raj_Joshi"
135,"Hari Lal Joshi","https://en.wikipedia.org/wiki/Hari_Lal_Joshi"
136,"Laxman Dutta Joshi","https://en.wikipedia.org/wiki/Laxman_Dutta_Joshi"
137,"Nabindra Raj Joshi","https://en.wikipedia.org/wiki/Nabindra_Raj_Joshi"
138,"Padma Jyoti","https://en.wikipedia.org/wiki/Padma_Jyoti"
139,"Shiv Raj Joshi","https://en.wikipedia.org/wiki/Shiv_Raj_Joshi"
140,"Arjun Narasingha K.C.","https://en.wikipedia.org/wiki/Arjun_Narasingha_K.C."
141,"Chitra Bahadur K.C.","https://en.wikipedia.org/wiki/Chitra_Bahadur_K.C."
142,"Dipak Bahadur K.C.","https://en.wikipedia.org/wiki/Dipak_Bahadur_K.C."
143,"Gyanu K.C.","https://en.wikipedia.org/wiki/Gyanu_K.C."
144,"Nilam K.C. (Khadka)","https://en.wikipedia.org/wiki/Nilam_K.C._(Khadka)"
145,"Tanka Prasad Sharma Kadel","https://en.wikipedia.org/wiki/Tanka_Prasad_Sharma_Kadel"
146,"Yam Lal Kandel","https://en.wikipedia.org/wiki/Yam_Lal_Kandel"
147,"Birendra Kumar Kanudiya","https://en.wikipedia.org/wiki/Birendra_Kumar_Kanudiya"
148,"Dipak Karki (Jhapa politician)","https://en.wikipedia.org/wiki/Dipak_Karki_(Jhapa_politician)"
149,"Dipak Karki (Dhanusha politician)","https://en.wikipedia.org/wiki/Dipak_Karki_(Dhanusha_politician)"
150,"Ram Karki","https://en.wikipedia.org/wiki/Ram_Karki"
151,"Sushila Karki","https://en.wikipedia.org/wiki/Sushila_Karki"
152,"Kailash Nath Kasudhan","https://en.wikipedia.org/wiki/Kailash_Nath_Kasudhan"
153,"Rajendra Kumar KC","https://en.wikipedia.org/wiki/Rajendra_Kumar_KC"
154,"Gauri Shankar Khadka","https://en.wikipedia.org/wiki/Gauri_Shankar_Khadka"
155,"Hari Bahadur Khadka","https://en.wikipedia.org/wiki/Hari_Bahadur_Khadka"
156,"Bishal Khadka","https://en.wikipedia.org/wiki/Bishal_Khadka"
157,"Narayan Khadka","https://en.wikipedia.org/wiki/Narayan_Khadka"
158,"Shankar Bahadur Khadka","https://en.wikipedia.org/wiki/Shankar_Bahadur_Khadka"
159,"Jhala Nath Khanal","https://en.wikipedia.org/wiki/Jhala_Nath_Khanal"
160,"Raju Khanal","https://en.wikipedia.org/wiki/Raju_Khanal"
161,"Prakash Koirala","https://en.wikipedia.org/wiki/Prakash_Koirala"
162,"Shashanka Koirala","https://en.wikipedia.org/wiki/Shashanka_Koirala"
163,"Shekhar Koirala","https://en.wikipedia.org/wiki/Shekhar_Koirala"
164,"Sujata Koirala","https://en.wikipedia.org/wiki/Sujata_Koirala"
165,"Sushil Koirala","https://en.wikipedia.org/wiki/Sushil_Koirala"
166,"Narendra Bahadur Kunwor","https://en.wikipedia.org/wiki/Narendra_Bahadur_Kunwor"
167,"Sher Bahadur Kunwor","https://en.wikipedia.org/wiki/Sher_Bahadur_Kunwor"
168,"Chinak Kurmi","https://en.wikipedia.org/wiki/Chinak_Kurmi"
169,"Dan Bahadur Kurmi","https://en.wikipedia.org/wiki/Dan_Bahadur_Kurmi"
170,"Dil Bahadur Lama","https://en.wikipedia.org/wiki/Dil_Bahadur_Lama"
171,"Mani Lama","https://en.wikipedia.org/wiki/Mani_Lama"
172,"Tirtha Bahadur Lama","https://en.wikipedia.org/wiki/Tirtha_Bahadur_Lama"
173,"Ramesh Lekhak","https://en.wikipedia.org/wiki/Ramesh_Lekhak"
174,"Bishwodip Lingden Limbu","https://en.wikipedia.org/wiki/Bishwodip_Lingden_Limbu"
175,"Hari Raj Limbu","https://en.wikipedia.org/wiki/Hari_Raj_Limbu"
176,"Purna Kumar Sharma Limbu","https://en.wikipedia.org/wiki/Purna_Kumar_Sharma_Limbu"
177,"Til Kumar Menyangbo Limbu","https://en.wikipedia.org/wiki/Til_Kumar_Menyangbo_Limbu"
178,"Prakash Chandra Lohani","https://en.wikipedia.org/wiki/Prakash_Chandra_Lohani"
179,"Balaram Gharti Magar","https://en.wikipedia.org/wiki/Balaram_Gharti_Magar"
180,"Onsari Gharti Magar","https://en.wikipedia.org/wiki/Onsari_Gharti_Magar"
181,"Suresh Ale Magar","https://en.wikipedia.org/wiki/Suresh_Ale_Magar"
182,"Krishna Bahadur Mahara","https://en.wikipedia.org/wiki/Krishna_Bahadur_Mahara"
183,"Chandra Maharjan","https://en.wikipedia.org/wiki/Chandra_Maharjan"
184,"Ram Saran Mahat","https://en.wikipedia.org/wiki/Ram_Saran_Mahat"
185,"Muga Lal Mahato","https://en.wikipedia.org/wiki/Muga_Lal_Mahato"
186,"Rajendra Mahato","https://en.wikipedia.org/wiki/Rajendra_Mahato"
187,"Chandra Prakash Mainali","https://en.wikipedia.org/wiki/Chandra_Prakash_Mainali"
188,"Keshav Prasad Mainali","https://en.wikipedia.org/wiki/Keshav_Prasad_Mainali"
189,"Radha Krishna Mainali","https://en.wikipedia.org/wiki/Radha_Krishna_Mainali"
190,"Kali Bahadur Malla","https://en.wikipedia.org/wiki/Kali_Bahadur_Malla"
191,"Sapana Pradhan Malla","https://en.wikipedia.org/wiki/Sapana_Pradhan_Malla"
192,"Suresh Malla","https://en.wikipedia.org/wiki/Suresh_Malla"
193,"Ram Bir Manandhar","https://en.wikipedia.org/wiki/Ram_Bir_Manandhar"
194,"Farmulha Mansur","https://en.wikipedia.org/wiki/Farmulha_Mansur"
195,"Farmulla Mansur","https://en.wikipedia.org/wiki/Farmulla_Mansur"
196,"Chandra Lal Meche","https://en.wikipedia.org/wiki/Chandra_Lal_Meche"
197,"Salma Khatoon Mikrani","https://en.wikipedia.org/wiki/Salma_Khatoon_Mikrani"
198,"Ishwar Dayal Mishra","https://en.wikipedia.org/wiki/Ishwar_Dayal_Mishra"
199,"Hasina Miya","https://en.wikipedia.org/wiki/Hasina_Miya"
200,"Muhammad Okil Musalman","https://en.wikipedia.org/wiki/Muhammad_Okil_Musalman"
201,"Mahendra Narayan Nidhi","https://en.wikipedia.org/wiki/Mahendra_Narayan_Nidhi"
202,"Bimalendra Nidhi","https://en.wikipedia.org/wiki/Bimalendra_Nidhi"
203,"Farmud Nadaf","https://en.wikipedia.org/wiki/Farmud_Nadaf"
204,"Basanta Kumar Nemwang","https://en.wikipedia.org/wiki/Basanta_Kumar_Nemwang"
205,"Kul Prasad Nepal","https://en.wikipedia.org/wiki/Kul_Prasad_Nepal"
206,"Madhav Kumar Nepal","https://en.wikipedia.org/wiki/Madhav_Kumar_Nepal"
207,"Kedar Neupane","https://en.wikipedia.org/wiki/Kedar_Neupane"
208,"Lekh Nath Neupane","https://en.wikipedia.org/wiki/Lekh_Nath_Neupane"
209,"Mukunda Neupane","https://en.wikipedia.org/wiki/Mukunda_Neupane"
210,"Om Prasad Ojha","https://en.wikipedia.org/wiki/Om_Prasad_Ojha"
211,"Puskar Nath Ojha","https://en.wikipedia.org/wiki/Puskar_Nath_Ojha"
212,"Sarbadev Ojha","https://en.wikipedia.org/wiki/Sarbadev_Ojha"
213,"Khadga Prasad Oli","https://en.wikipedia.org/wiki/Khadga_Prasad_Oli"
214,"Pradip Paudel","https://en.wikipedia.org/wiki/Pradip_Paudel"
215,"Bal Chandra Poudel","https://en.wikipedia.org/wiki/Bal_Chandra_Poudel"
216,"Binda Pandey","https://en.wikipedia.org/wiki/Binda_Pandey"
217,"Mahendra Bahadur Pandey","https://en.wikipedia.org/wiki/Mahendra_Bahadur_Pandey"
218,"Mohan Prasad Pandey","https://en.wikipedia.org/wiki/Mohan_Prasad_Pandey"
219,"Shanker Prasad Pandey","https://en.wikipedia.org/wiki/Shanker_Prasad_Pandey"
220,"Som Prasad Pandey","https://en.wikipedia.org/wiki/Som_Prasad_Pandey"
221,"Surendra Pandey","https://en.wikipedia.org/wiki/Surendra_Pandey"
222,"Raghuji Pant","https://en.wikipedia.org/wiki/Raghuji_Pant"
223,"Sunil Babu Pant","https://en.wikipedia.org/wiki/Sunil_Babu_Pant"
224,"Urbadutta Pant","https://en.wikipedia.org/wiki/Urbadutta_Pant"
225,"Hari Parajuli","https://en.wikipedia.org/wiki/Hari_Parajuli"
226,"Tilak Pariyar","https://en.wikipedia.org/wiki/Tilak_Pariyar"
227,"Vishwendraman Pashwan","https://en.wikipedia.org/wiki/Vishwendraman_Pashwan"
228,"Ananta Prasad Paudel","https://en.wikipedia.org/wiki/Ananta_Prasad_Paudel"
229,"Bishnu Prasad Paudel","https://en.wikipedia.org/wiki/Bishnu_Prasad_Paudel"
230,"Govinda Paudel","https://en.wikipedia.org/wiki/Govinda_Paudel"
231,"Kashi Paudel","https://en.wikipedia.org/wiki/Kashi_Paudel"
232,"Narayan Sharma Paudel","https://en.wikipedia.org/wiki/Narayan_Sharma_Paudel"
233,"Rameshwor Phuyal","https://en.wikipedia.org/wiki/Rameshwor_Phuyal"
234,"Aananda Pokharel","https://en.wikipedia.org/wiki/Aananda_Pokharel"
235,"Giriraj Mani Pokharel","https://en.wikipedia.org/wiki/Giriraj_Mani_Pokharel"
236,"Pushpa Raj Pokharel","https://en.wikipedia.org/wiki/Pushpa_Raj_Pokharel"
237,"Bidhyanath Pokhrel","https://en.wikipedia.org/wiki/Bidhyanath_Pokhrel"
238,"Laxmi Prasad Pokhrel","https://en.wikipedia.org/wiki/Laxmi_Prasad_Pokhrel"
239,"Ram Chandra Pokhrel","https://en.wikipedia.org/wiki/Ram_Chandra_Pokhrel"
240,"Shankar Pokhrel","https://en.wikipedia.org/wiki/Shankar_Pokhrel"
241,"Prakash Sharma Poudel","https://en.wikipedia.org/wiki/Prakash_Sharma_Poudel"
242,"Purusottam Poudel","https://en.wikipedia.org/wiki/Purusottam_Poudel"
243,"Ram Chandra Poudel","https://en.wikipedia.org/wiki/Ram_Chandra_Poudel"
244,"Bhimsen Das Pradhan","https://en.wikipedia.org/wiki/Bhimsen_Das_Pradhan"
245,"Sahana Pradhan","https://en.wikipedia.org/wiki/Sahana_Pradhan"
246,"Surya Prasad Pradhan","https://en.wikipedia.org/wiki/Surya_Prasad_Pradhan"
247,"Sunil Prajapati","https://en.wikipedia.org/wiki/Sunil_Prajapati"
248,"Barsaman Pun","https://en.wikipedia.org/wiki/Barsaman_Pun"
249,"Narayan Singh Pun","https://en.wikipedia.org/wiki/Narayan_Singh_Pun"
250,"Arjun Rai","https://en.wikipedia.org/wiki/Arjun_Rai"
251,"Mohammad Estiyak Rai","https://en.wikipedia.org/wiki/Mohammad_Estiyak_Rai"
252,"Sher Dhan Rai","https://en.wikipedia.org/wiki/Sher_Dhan_Rai"
253,"Purna Prasad Rajbansi","https://en.wikipedia.org/wiki/Purna_Prasad_Rajbansi"
254,"Madhukar Shamshere Rana","https://en.wikipedia.org/wiki/Madhukar_Shamshere_Rana"
255,"Dhyan Govinda Ranjit","https://en.wikipedia.org/wiki/Dhyan_Govinda_Ranjit"
256,"Lal Bahadur Rawal","https://en.wikipedia.org/wiki/Lal_Bahadur_Rawal"
257,"Nagendra Kumar Ray","https://en.wikipedia.org/wiki/Nagendra_Kumar_Ray"
258,"Top Bahadur Rayamajhi","https://en.wikipedia.org/wiki/Top_Bahadur_Rayamajhi"
259,"Sarala Regmi","https://en.wikipedia.org/wiki/Sarala_Regmi"
260,"Ganesh Prasad Rijal","https://en.wikipedia.org/wiki/Ganesh_Prasad_Rijal"
261,"Minendra Rijal","https://en.wikipedia.org/wiki/Minendra_Rijal"
262,"Hari Roka","https://en.wikipedia.org/wiki/Hari_Roka"
263,"Jun Kumari Roka (Oli)","https://en.wikipedia.org/wiki/Jun_Kumari_Roka_(Oli)"
264,"Keshar Man Rokka","https://en.wikipedia.org/wiki/Keshar_Man_Rokka"
265,"Mahendra Kumar Raya","https://en.wikipedia.org/wiki/Mahendra_Kumar_Raya"
266,"Dila Sangraula","https://en.wikipedia.org/wiki/Dila_Sangraula"
267,"Ambika Sanwa","https://en.wikipedia.org/wiki/Ambika_Sanwa"
268,"Agni Sapkota","https://en.wikipedia.org/wiki/Agni_Sapkota"
269,"Bidur Prasad Sapkota","https://en.wikipedia.org/wiki/Bidur_Prasad_Sapkota"
270,"Golchhe Sarki","https://en.wikipedia.org/wiki/Golchhe_Sarki"
271,"Narayan Prakash Saud","https://en.wikipedia.org/wiki/Narayan_Prakash_Saud"
272,"Abhishek Pratap Shah","https://en.wikipedia.org/wiki/Abhishek_Pratap_Shah"
273,"Ajaya Pratap Shah","https://en.wikipedia.org/wiki/Ajaya_Pratap_Shah"
274,"Bhakta Bahadur Shah","https://en.wikipedia.org/wiki/Bhakta_Bahadur_Shah"
275,"Bharat Kumar Shah","https://en.wikipedia.org/wiki/Bharat_Kumar_Shah"
276,"Binod Kumar Shah","https://en.wikipedia.org/wiki/Binod_Kumar_Shah"
277,"Gobinda Bahadur Shah","https://en.wikipedia.org/wiki/Gobinda_Bahadur_Shah"
278,"Jagya Bahadur Shahi","https://en.wikipedia.org/wiki/Jagya_Bahadur_Shahi"
279,"Astalaxmi Shakya","https://en.wikipedia.org/wiki/Astalaxmi_Shakya"
280,"Dama Kumari Sharma","https://en.wikipedia.org/wiki/Dama_Kumari_Sharma"
281,"Dilli Raj Sharma","https://en.wikipedia.org/wiki/Dilli_Raj_Sharma"
282,"Janardhan Sharma","https://en.wikipedia.org/wiki/Janardhan_Sharma"
283,"Uma Kant Sharma","https://en.wikipedia.org/wiki/Uma_Kant_Sharma"
284,"Kripasur Sherpa","https://en.wikipedia.org/wiki/Kripasur_Sherpa"
285,"Gopal Man Shrestha","https://en.wikipedia.org/wiki/Gopal_Man_Shrestha"
286,"Jog Meher Shrestha","https://en.wikipedia.org/wiki/Jog_Meher_Shrestha"
287,"Narayan Kaji Shrestha","https://en.wikipedia.org/wiki/Narayan_Kaji_Shrestha"
288,"Shashi Shrestha","https://en.wikipedia.org/wiki/Shashi_Shrestha"
289,"Arjun Jang Bahadur Singh","https://en.wikipedia.org/wiki/Arjun_Jang_Bahadur_Singh"
290,"Baban Singh","https://en.wikipedia.org/wiki/Baban_Singh"
291,"Ganesh Man Singh","https://en.wikipedia.org/wiki/Ganesh_Man_Singh"
292,"Harka Bahadur Singh","https://en.wikipedia.org/wiki/Harka_Bahadur_Singh"
293,"Kunwar Inderjit Singh","https://en.wikipedia.org/wiki/Kunwar_Inderjit_Singh"
294,"Prakash Man Singh","https://en.wikipedia.org/wiki/Prakash_Man_Singh"
295,"Prem Bahadur Singh","https://en.wikipedia.org/wiki/Prem_Bahadur_Singh"
296,"Prem Lal Singh","https://en.wikipedia.org/wiki/Prem_Lal_Singh"
297,"Lila Kumari Bagale Somai","https://en.wikipedia.org/wiki/Lila_Kumari_Bagale_Somai"
298,"Sukra Raj Sonyok (Songyokpa)","https://en.wikipedia.org/wiki/Sukra_Raj_Sonyok_(Songyokpa)"
299,"Jhakku Prasad Subedi","https://en.wikipedia.org/wiki/Jhakku_Prasad_Subedi"
300,"Purna Kumari Subedi","https://en.wikipedia.org/wiki/Purna_Kumari_Subedi"
301,"Ram Hari Subedi","https://en.wikipedia.org/wiki/Ram_Hari_Subedi"
302,"Sita Subedi","https://en.wikipedia.org/wiki/Sita_Subedi"
303,"Dal Bahadur Sunar","https://en.wikipedia.org/wiki/Dal_Bahadur_Sunar"
304,"Sushila Swar","https://en.wikipedia.org/wiki/Sushila_Swar"
305,"Bijay Subedi","https://en.wikipedia.org/wiki/Bijay_Subedi"
306,"Sher Bahadur Tamang","https://en.wikipedia.org/wiki/Sher_Bahadur_Tamang"
307,"Surya Man Dong Tamang","https://en.wikipedia.org/wiki/Surya_Man_Dong_Tamang"
308,"Ram Krishna Tamrakar","https://en.wikipedia.org/wiki/Ram_Krishna_Tamrakar"
309,"Sebaki Devi Das Tatma","https://en.wikipedia.org/wiki/Sebaki_Devi_Das_Tatma"
310,"Romy Gauchan Thakali","https://en.wikipedia.org/wiki/Romy_Gauchan_Thakali"
311,"Rhidya Ram Thani","https://en.wikipedia.org/wiki/Rhidya_Ram_Thani"
312,"Amar Bahadur Thapa","https://en.wikipedia.org/wiki/Amar_Bahadur_Thapa"
313,"Chandra Bahadur Thapa","https://en.wikipedia.org/wiki/Chandra_Bahadur_Thapa"
314,"Gagan Thapa","https://en.wikipedia.org/wiki/Gagan_Thapa"
315,"Karna Bahadur Thapa","https://en.wikipedia.org/wiki/Karna_Bahadur_Thapa"
316,"Ram Bahadur Thapa","https://en.wikipedia.org/wiki/Ram_Bahadur_Thapa"
317,"Surya Bahadur Thapa","https://en.wikipedia.org/wiki/Surya_Bahadur_Thapa"
318,"Bishnu Prasad Chaudhari Tharu","https://en.wikipedia.org/wiki/Bishnu_Prasad_Chaudhari_Tharu"
319,"Indrajit Tharu","https://en.wikipedia.org/wiki/Indrajit_Tharu"
320,"Mangal Prasad Tharu","https://en.wikipedia.org/wiki/Mangal_Prasad_Tharu"
321,"Puran Rana Tharu","https://en.wikipedia.org/wiki/Puran_Rana_Tharu"
322,"Sant Kumar Tharu","https://en.wikipedia.org/wiki/Sant_Kumar_Tharu"
323,"Santa Kumar Tharu","https://en.wikipedia.org/wiki/Santa_Kumar_Tharu"
324,"Ram Chandra Tiwari","https://en.wikipedia.org/wiki/Ram_Chandra_Tiwari"
325,"Hridayesh Tripathi","https://en.wikipedia.org/wiki/Hridayesh_Tripathi"
326,"Damber Dhoj Tumbahamphe","https://en.wikipedia.org/wiki/Damber_Dhoj_Tumbahamphe"
327,"Dip Kumar Upadhaya (Lamichhane)","https://en.wikipedia.org/wiki/Dip_Kumar_Upadhaya_(Lamichhane)"
328,"Amod Prasad Upadhyay","https://en.wikipedia.org/wiki/Amod_Prasad_Upadhyay"
329,"Kul Prasad Uprety","https://en.wikipedia.org/wiki/Kul_Prasad_Uprety"
330,"Chitra Lekha Yadav","https://en.wikipedia.org/wiki/Chitra_Lekha_Yadav"
331,"Dinesh Chandra Yadav (Nepal)","https://en.wikipedia.org/wiki/Dinesh_Chandra_Yadav_(Nepal)"
332,"Omprakash Yadav","https://en.wikipedia.org/wiki/Omprakash_Yadav"
333,"Radhe Chandra Yadav","https://en.wikipedia.org/wiki/Radhe_Chandra_Yadav"
334,"Ram Ayodhya Prasad Yadav","https://en.wikipedia.org/wiki/Ram_Ayodhya_Prasad_Yadav"
335,"Ram Baran Yadav","https://en.wikipedia.org/wiki/Ram_Baran_Yadav"
336,"Renu Kumari Yadav","https://en.wikipedia.org/wiki/Renu_Kumari_Yadav"
337,"Upendra Yadav","https://en.wikipedia.org/wiki/Upendra_Yadav"
338,"Hisila Yami","https://en.wikipedia.org/wiki/Hisila_Yami"
